Цвет;Name;Описание;Description
Красный;Red;Жидкость цвета свежей крови.;A liquid the color of fresh blood.
Янтарный;Amber;Тёплая густая жидкость с золотистым блеском.;A warm thick liquid with a golden shimmer.
Зелёный;Green;Мутная смесь с неприятным запахом.;A murky mixture with an unpleasant smell.
Синий;Blue;Холодная жидкость, слегка мерцающая в темноте.;A cold liquid faintly shimmering in darkness.
Фиолетовый;Purple;Тёмное варево с необычным осадком.;A dark brew with strange sediment inside.
Белый;White;Бледная молочная суспензия.;A pale milky suspension.
Чёрный;Black;Маслянистая жидкость, почти не отражающая свет.;An oily liquid that barely reflects light.
Оранжевый;Orange;Яркая жидкость с резким химическим запахом.;A bright liquid with a sharp chemical smell.
Бирюзовый;Turquoise;Странная светящаяся жидкость.;A strange glowing liquid.
